location,continent,date,population,total_cases,total_deaths,total_tests,total_vaccinations,people_fully_vaccinated,cases_per_million,deaths_per_million,vaccination_rate_pct,case_fatality_rate,testing_rate,gdp_per_capita,median_age,aged_65_older,population_density,life_expectancy,human_development_index,hospital_beds_per_thousand,stringency_index
Afghanistan,Asia,2024-08-04,41128772.0,235214.0,7998.0,994894.0,22964750.0,18370386.0,5718.96,194.46,44.67,3.4,24.19,1803.99,18.6,2.58,54.42,64.83,0.51,0.5,0.0
Albania,Europe,2024-08-04,2842318.0,335047.0,3605.0,1613870.0,3088966.0,1279333.0,117878.08,1268.33,45.01,1.076,567.8,11803.43,38.0,13.19,104.87,78.57,0.8,2.89,11.11
Algeria,Africa,2024-08-04,44903228.0,272139.0,6881.0,230553.0,15267442.0,6481186.0,6060.57,153.24,14.43,2.528,5.13,13913.84,29.1,6.21,17.35,76.88,0.75,1.9,11.11
American Samoa,Oceania,2024-08-04,44295.0,8359.0,34.0,0.0,0.0,0.0,188712.04,767.58,0.0,0.407,0.0,5819.5,16.8,2.4,278.2,73.74,0.87,3.8,0.0
Andorra,Europe,2024-08-04,79843.0,48015.0,159.0,300307.0,157072.0,53501.0,601367.68,1991.41,67.01,0.331,3761.22,5819.5,16.8,2.4,163.76,83.73,0.87,3.8,11.11
Angola,Africa,2024-08-04,35588996.0,107481.0,1937.0,1618566.0,27819132.0,9609080.0,3020.06,54.43,27.0,1.802,45.48,5819.5,16.8,2.4,23.89,61.15,0.58,3.8,17.02
Anguilla,North America,2024-08-04,15877.0,3904.0,12.0,51382.0,24604.0,10380.0,245890.28,755.81,65.38,0.307,3236.25,21490.94,32.1,6.93,231.84,81.88,0.78,3.8,0.0
Antigua and Barbuda,North America,2024-08-04,93772.0,9106.0,146.0,16700.0,136512.0,62384.0,97107.88,1556.97,66.53,1.603,178.09,21490.94,32.1,6.93,231.84,77.02,0.78,3.8,0.0
Argentina,South America,2024-08-04,45510324.0,10101218.0,130663.0,36663990.0,116978521.0,34900613.0,221954.43,2871.06,76.69,1.294,805.62,18933.91,31.9,11.2,16.18,76.67,0.84,5.0,14.38
Armenia,Asia,2024-08-04,2780472.0,452273.0,8777.0,3102267.0,2256919.0,1030758.0,162660.51,3156.66,37.07,1.941,1115.73,8787.58,35.7,11.23,102.93,75.09,0.78,4.2,0.0
Aruba,North America,2024-08-04,106459.0,44224.0,292.0,793.0,174914.0,84368.0,415408.75,2742.84,79.25,0.66,7.45,35973.78,41.2,13.08,584.8,76.29,0.94,3.84,25.93
Australia,Oceania,2024-08-04,26177410.0,11861161.0,25236.0,73370295.0,69686752.0,21647523.0,453106.74,964.04,82.7,0.213,2802.81,44648.71,37.9,15.5,3.2,83.44,0.94,3.84,11.11
Austria,Europe,2024-08-04,8939617.0,6082444.0,22534.0,189791719.0,20468731.0,6683263.0,680392.01,2520.69,74.76,0.37,21230.41,45436.69,44.4,19.2,106.75,81.54,0.92,7.37,35.19
Azerbaijan,Asia,2024-08-04,10358078.0,835757.0,10353.0,6947820.0,13857111.0,4862494.0,80686.49,999.51,46.94,1.239,670.76,15847.42,32.4,6.02,119.31,73.0,0.76,4.7,34.94
Bahamas,North America,2024-08-04,409989.0,39127.0,849.0,241200.0,366359.0,166972.0,95434.27,2070.79,40.73,2.17,588.31,27717.85,34.3,9.0,39.5,73.92,0.81,2.9,20.37
Bahrain,Asia,2024-08-04,1472237.0,696614.0,1536.0,9969082.0,3476633.0,1226796.0,473167.02,1043.31,83.33,0.22,6771.38,43290.7,32.4,2.37,1935.91,77.29,0.85,2.0,11.11
Bangladesh,Asia,2024-08-04,171186368.0,2051348.0,29499.0,13820904.0,361742554.0,142201684.0,11983.13,172.32,83.07,1.438,80.74,3523.98,27.5,5.1,1265.04,72.59,0.63,0.8,13.89
Barbados,North America,2024-08-04,281646.0,108582.0,593.0,697476.0,384049.0,155047.0,385526.51,2105.48,55.05,0.546,2476.43,16978.07,39.8,14.95,664.46,79.19,0.81,5.8,11.11
Belarus,Europe,2024-08-04,9534956.0,994037.0,7118.0,13220483.0,22511000.0,6414996.0,104251.87,746.52,67.28,0.716,1386.53,17167.97,40.3,14.8,46.86,74.79,0.82,11.0,0.0
Belgium,Europe,2024-08-04,11655923.0,4872829.0,34339.0,34315605.0,31469387.0,9170945.0,418056.04,2946.06,78.68,0.705,2944.05,42658.58,41.8,18.57,375.56,81.63,0.93,5.64,11.11
Belize,North America,2024-08-04,405285.0,71414.0,688.0,572900.0,510717.0,221402.0,176206.87,1697.57,54.63,0.963,1413.57,7824.36,25.0,3.85,16.43,74.62,0.72,1.3,11.11
Benin,Africa,2024-08-04,13352864.0,28036.0,163.0,604310.0,4232541.0,2742837.0,2099.62,12.21,20.54,0.581,45.26,2064.24,18.8,3.24,99.11,61.77,0.55,0.5,11.11
Bermuda,North America,2024-08-04,64207.0,18860.0,165.0,41927.0,132042.0,47657.0,293737.44,2569.81,74.22,0.875,653.0,50669.32,28.6,4.88,1308.82,82.59,0.65,1.7,11.11
Bhutan,Asia,2024-08-04,782457.0,62697.0,21.0,1711669.0,2011426.0,677669.0,80128.36,26.84,86.61,0.033,2187.56,8708.6,28.6,4.88,21.19,71.78,0.65,1.7,5.56
Bolivia,South America,2024-08-04,12224114.0,1212147.0,22387.0,4440371.0,14690530.0,6160585.0,99160.32,1831.38,50.4,1.847,363.25,6885.83,25.4,6.7,10.2,71.51,0.72,1.1,24.07
Bonaire Sint Eustatius and Saba,North America,2024-08-04,27052.0,11922.0,41.0,0.0,35845.0,16736.0,440706.79,1515.6,61.87,0.344,0.0,11713.9,42.5,16.57,68.5,77.79,0.78,3.5,0.0
Bosnia and Herzegovina,Europe,2024-08-04,3233530.0,403666.0,16392.0,1499302.0,1924950.0,846080.0,124837.56,5069.38,26.17,4.061,463.67,11713.9,42.5,16.57,68.5,77.4,0.78,3.5,25.93
Botswana,Africa,2024-08-04,2630300.0,330696.0,2801.0,2285160.0,3171667.0,1663490.0,125725.58,1064.9,63.24,0.847,868.78,15807.37,25.8,3.94,4.04,69.59,0.74,1.8,0.0
Brazil,South America,2024-08-04,215313504.0,37511921.0,702116.0,70923215.0,486436436.0,176164186.0,174220.01,3260.9,81.82,1.872,329.4,14103.45,33.5,8.55,25.04,75.88,0.76,2.2,22.22
British Virgin Islands,North America,2024-08-04,31332.0,7557.0,64.0,96630.0,41453.0,18261.0,241191.11,2042.64,58.28,0.847,3084.07,71809.25,32.4,4.59,207.97,79.07,0.84,2.7,0.0
Brunei,Asia,2024-08-04,449002.0,347723.0,179.0,93192.0,1293100.0,446714.0,774435.3,398.66,99.49,0.051,207.55,71809.25,32.4,4.59,81.35,75.86,0.84,2.7,11.11
Bulgaria,Europe,2024-08-04,6781955.0,1329988.0,38700.0,10080207.0,4726614.0,2078006.0,196106.87,5706.32,30.64,2.91,1486.33,18563.31,44.7,20.8,65.18,75.05,0.82,7.45,11.11
Burkina Faso,Africa,2024-08-04,22673764.0,22139.0,400.0,324773.0,7893609.0,5232347.0,976.41,17.64,23.08,1.807,14.32,1703.1,17.6,2.41,70.15,61.58,0.45,0.4,8.33
Burundi,Africa,2024-08-04,12889583.0,54569.0,15.0,1611285.0,42252.0,36321.0,4233.57,1.16,0.28,0.027,125.01,702.22,17.5,2.56,423.06,61.58,0.43,0.8,19.44
Cambodia,Asia,2024-08-04,16767851.0,139319.0,3056.0,2977609.0,47826645.0,14693274.0,8308.7,182.25,87.63,2.194,177.58,3645.07,25.6,4.41,90.67,69.82,0.59,0.8,5.56
Cameroon,Africa,2024-08-04,27914542.0,125246.0,1974.0,2731181.0,4880572.0,3197286.0,4486.77,70.72,11.45,1.576,97.84,3364.93,18.8,3.16,50.88,59.29,0.56,1.3,8.33
Canada,North America,2024-08-04,38454328.0,4819055.0,55282.0,62177630.0,102877159.0,31758251.0,125318.92,1437.6,82.59,1.147,1616.92,44017.59,41.4,16.98,4.04,82.43,0.93,2.5,5.56
Cape Verde,Africa,2024-08-04,593162.0,64474.0,417.0,0.0,859940.0,308720.0,108695.43,703.01,52.05,0.647,0.0,6222.55,25.7,4.46,135.58,72.98,0.66,2.1,11.11
Cayman Islands,North America,2024-08-04,68722.0,31472.0,37.0,9358.0,152148.0,60696.0,457961.06,538.4,88.32,0.118,136.17,49903.03,18.3,3.66,256.5,83.92,0.4,1.0,0.0
Central African Republic,Africa,2024-08-04,5579148.0,15441.0,113.0,94759.0,3342248.0,2484985.0,2767.63,20.25,44.54,0.732,16.98,661.24,18.3,3.66,7.48,53.28,0.4,1.0,8.33
Chad,Africa,2024-08-04,17723312.0,7702.0,194.0,218873.0,9151765.0,5020360.0,434.57,10.95,28.33,2.519,12.35,1768.15,16.7,2.49,11.83,54.24,0.4,2.11,13.89
Chile,South America,2024-08-04,19603736.0,5401126.0,64482.0,39773213.0,66864900.0,17700117.0,275515.14,3289.27,90.29,1.194,2028.86,22767.04,35.4,11.09,24.28,80.18,0.85,2.11,13.89
China,Asia,2024-08-04,1425887360.0,99373219.0,122304.0,9214000000.0,3491077000.0,1276760000.0,69692.19,85.77,89.54,0.123,6461.94,15308.71,38.7,10.64,147.67,76.91,0.76,4.34,49.54
Colombia,South America,2024-08-04,51874028.0,6391876.0,142727.0,35241195.0,90931192.0,37204128.0,123219.2,2751.42,71.72,2.233,679.36,13254.95,32.2,7.65,44.22,77.29,0.77,1.71,19.44
Comoros,Africa,2024-08-04,836783.0,9109.0,160.0,100289.0,835021.0,397080.0,10885.74,191.21,47.45,1.757,119.85,1413.89,20.4,2.96,437.35,64.32,0.55,2.2,0.0
Congo,Africa,2024-08-04,5970430.0,25227.0,389.0,395040.0,833210.0,654119.0,4225.32,65.15,10.96,1.542,66.17,4881.41,19.0,3.4,15.4,64.57,0.57,1.13,13.89
Cook Islands,Oceania,2024-08-04,17032.0,7345.0,2.0,0.0,40854.0,14728.0,431247.06,117.43,86.47,0.027,0.0,15525.0,33.6,9.47,96.08,76.25,0.81,1.13,0.0
Costa Rica,North America,2024-08-04,5180836.0,1234701.0,9372.0,3677525.0,13576935.0,4369784.0,238320.8,1808.97,84.35,0.759,709.83,15525.0,33.6,9.47,96.08,80.28,0.81,1.13,11.11
Cote d'Ivoire,Africa,2024-08-04,28160548.0,88434.0,835.0,1540831.0,25263932.0,12164304.0,3140.35,29.65,43.2,0.944,54.72,3601.01,18.7,2.93,76.4,57.78,0.54,5.54,13.89
Croatia,Europe,2024-08-04,4030361.0,1317144.0,18752.0,4922712.0,5374628.0,2251809.0,326805.46,4652.68,55.87,1.424,1221.41,22669.8,44.0,19.72,73.73,78.49,0.85,5.54,11.11
Cuba,North America,2024-08-04,11212198.0,1113662.0,8530.0,5296762.0,45995747.0,10053658.0,99325.93,760.78,89.67,0.766,472.41,32415.13,43.1,14.74,110.41,78.8,0.78,5.2,11.11
Curacao,North America,2024-08-04,191173.0,45883.0,305.0,22100.0,260324.0,100885.0,240007.74,1595.41,52.77,0.665,115.6,32415.13,41.7,16.37,362.64,78.88,0.89,3.4,0.0
Cyprus,Europe,2024-08-04,896007.0,696410.0,1451.0,29501771.0,1798610.0,646142.0,777237.23,1619.41,72.11,0.208,32925.83,32415.13,37.3,13.42,127.66,80.98,0.89,3.4,11.11
Czechia,Europe,2024-08-12,10493990.0,4761919.0,43509.0,54587458.0,19047108.0,6895763.0,453775.83,4146.09,65.71,0.914,5201.78,32605.91,43.3,19.03,137.18,79.38,0.9,6.63,11.11
Democratic Republic of Congo,Africa,2024-08-04,99010216.0,101009.0,1474.0,1045120.0,18808671.0,14399520.0,1020.19,14.89,14.54,1.459,10.56,808.13,17.0,3.02,35.88,60.68,0.48,2.5,25.0
Denmark,Europe,2024-08-04,5882259.0,3435679.0,9693.0,64649913.0,14961517.0,4712002.0,584074.76,1647.84,80.11,0.282,10990.66,46682.52,42.3,19.68,136.52,80.9,0.94,2.5,11.11
Djibouti,Africa,2024-08-04,1120851.0,15690.0,189.0,309732.0,442199.0,401208.0,13998.29,168.62,35.79,1.205,276.34,2705.41,25.4,4.21,41.28,67.11,0.52,1.4,2.78
Dominica,North America,2024-08-04,72758.0,16047.0,74.0,205366.0,67647.0,30659.0,220553.07,1017.07,42.14,0.461,2822.59,9673.37,27.6,6.98,98.57,75.0,0.74,3.8,24.07
Dominican Republic,North America,2024-08-04,11228821.0,661103.0,4384.0,3444251.0,16430339.0,6130377.0,58875.55,390.42,54.6,0.663,306.73,14600.86,27.6,6.98,222.87,74.08,0.76,1.6,5.56
East Timor,Asia,2024-08-04,1341298.0,23460.0,138.0,264839.0,2028798.0,801759.0,17490.52,102.89,59.77,0.588,197.45,6570.1,18.0,3.56,87.18,69.5,0.61,5.9,9.47
Ecuador,South America,2024-08-04,18001002.0,1077445.0,36050.0,2870685.0,39564195.0,14240587.0,59854.72,2002.67,79.11,3.346,159.47,10581.94,28.1,7.1,66.94,77.01,0.76,1.5,11.11
Egypt,Africa,2024-08-04,110990096.0,516023.0,24830.0,11954884.0,112673535.0,42337175.0,4649.27,223.71,38.15,4.812,107.71,10550.21,25.3,5.16,98.0,71.99,0.71,1.6,10.29
El Salvador,North America,2024-08-04,6336393.0,201920.0,4230.0,1921625.0,11289175.0,4344286.0,31866.71,667.57,68.56,2.095,303.27,7292.46,27.6,8.27,307.81,73.32,0.67,1.3,26.85
Equatorial Guinea,Africa,2024-08-04,1674916.0,17130.0,183.0,484554.0,488738.0,214032.0,10227.38,109.26,12.78,1.068,289.3,22604.87,22.4,2.85,45.19,58.74,0.59,2.1,0.0
Eritrea,Africa,2024-08-04,3684041.0,10189.0,103.0,23693.0,0.0,0.0,2765.71,27.96,0.0,1.011,6.43,1510.46,19.3,3.61,44.3,66.32,0.46,0.7,0.0
Estonia,Europe,2024-08-12,1326064.0,610471.0,2998.0,3425068.0,2171623.0,862748.0,460363.15,2260.83,65.06,0.491,2582.88,29481.25,42.7,19.45,31.03,78.74,0.89,4.69,11.11
Eswatini,Africa,2024-08-04,1201680.0,75356.0,1427.0,549656.0,870205.0,427335.0,62708.87,1187.5,35.56,1.894,457.41,7738.98,21.5,3.16,79.49,60.19,0.61,2.1,11.11
Ethiopia,Africa,2024-08-04,123379928.0,501193.0,7574.0,5024643.0,68856793.0,43653006.0,4062.19,61.39,35.38,1.511,40.72,1729.93,19.8,3.53,104.96,66.6,0.48,0.3,22.22
Falkland Islands,South America,2024-08-04,3801.0,1923.0,0.0,0.0,4407.0,1775.0,505919.49,0.0,46.7,0.0,0.0,8702.98,28.6,6.22,35.31,81.44,0.74,2.3,0.0
Faroe Islands,Europe,2024-08-04,53117.0,34658.0,28.0,777845.0,103894.0,40895.0,652484.14,527.14,76.99,0.081,14643.99,8702.98,28.6,6.22,35.31,80.67,0.74,2.3,14.81
Fiji,Oceania,2024-08-04,929769.0,69047.0,885.0,558519.0,1555182.0,641194.0,74262.53,951.85,68.96,1.282,600.71,8702.98,28.6,6.22,49.56,67.44,0.74,2.3,25.74
Finland,Europe,2024-08-04,5540745.0,1499712.0,11466.0,11038890.0,13327120.0,4347113.0,270669.74,2069.4,78.46,0.765,1992.31,40585.72,42.8,21.23,18.14,81.91,0.94,3.28,11.11
France,Europe,2024-08-04,67813000.0,38997490.0,168091.0,278234000.0,154493266.0,53192478.0,575073.95,2478.74,78.44,0.431,4102.96,38605.67,42.0,19.72,122.58,82.66,0.9,5.98,11.11
French Guiana,South America,2024-08-04,304568.0,98041.0,413.0,0.0,0.0,0.0,321901.84,1356.02,0.0,0.421,0.0,16562.41,25.3,7.78,77.32,79.95,0.7,6.3,0.0
French Polynesia,Oceania,2024-08-04,306292.0,79387.0,650.0,0.0,502952.0,186803.0,259187.31,2122.16,60.99,0.819,0.0,16562.41,32.7,7.78,77.32,77.66,0.7,6.3,0.0
Gabon,Africa,2024-08-04,2388997.0,49051.0,307.0,1599902.0,572672.0,257471.0,20532.05,128.51,10.78,0.626,669.7,16562.41,23.1,4.45,7.86,66.47,0.7,6.3,11.11
Gambia,Africa,2024-08-04,2705995.0,12627.0,372.0,155686.0,1444492.0,539186.0,4666.31,137.47,19.93,2.946,57.53,1561.77,17.5,2.34,207.57,62.05,0.5,1.1,11.11
Georgia,Asia,2024-08-04,3744385.0,1863615.0,17150.0,13652505.0,2930677.0,1276173.0,497709.24,4580.19,34.08,0.92,3646.13,9745.08,38.7,14.86,65.03,73.77,0.81,2.6,5.56
Germany,Europe,2024-08-04,83369840.0,38437756.0,174979.0,131286804.0,192221468.0,63563414.0,461051.09,2098.83,76.24,0.455,1574.75,45229.24,46.6,21.45,237.02,81.33,0.95,8.0,11.11
Ghana,Africa,2024-08-04,33475870.0,172062.0,1462.0,2465238.0,25624828.0,10780003.0,5139.88,43.67,32.2,0.85,73.64,4227.63,21.1,3.38,126.72,64.07,0.61,0.9,33.38
Gibraltar,Europe,2024-08-04,32677.0,20550.0,113.0,533268.0,132810.0,41465.0,628882.7,3458.09,100.0,0.55,16319.37,24574.38,45.3,20.4,3457.1,79.93,0.89,4.21,0.0
Greece,Europe,2024-08-04,10384972.0,5673681.0,39258.0,84483362.0,22467978.0,7647076.0,546335.71,3780.27,73.64,0.692,8135.16,24574.38,45.3,20.4,83.48,82.24,0.89,4.21,11.11
Greenland,North America,2024-08-04,56494.0,11971.0,21.0,0.0,79738.0,38511.0,211898.61,371.72,68.17,0.175,0.0,13593.88,29.4,7.3,0.14,71.7,0.78,3.7,11.11
Grenada,North America,2024-08-04,125459.0,19693.0,238.0,169195.0,90686.0,39034.0,156967.61,1897.03,31.11,1.209,1348.61,13593.88,29.4,7.3,317.13,72.4,0.78,3.7,0.0
Guadeloupe,North America,2024-08-04,395762.0,203235.0,1021.0,0.0,0.0,0.0,513528.33,2579.83,0.0,0.502,0.0,7423.81,43.4,9.55,304.13,82.14,0.66,0.6,0.0
Guam,Oceania,2024-08-04,171783.0,52287.0,419.0,323516.0,0.0,0.0,304378.2,2439.12,0.0,0.801,1883.28,7423.81,31.4,9.55,304.13,80.07,0.66,0.6,0.0
Guatemala,North America,2024-08-04,17843914.0,1250371.0,20203.0,4067775.0,20362104.0,7126305.0,70072.69,1132.21,39.94,1.616,227.96,7423.81,22.9,4.69,157.83,74.3,0.66,0.6,36.57
Guernsey,Europe,2024-08-04,63329.0,35326.0,67.0,0.0,178525.0,52710.0,557817.11,1057.97,83.23,0.19,0.0,1998.93,19.0,3.14,51.76,61.6,0.48,0.3,0.0
Guinea,Africa,2024-08-04,13859349.0,38572.0,468.0,708410.0,12049511.0,5853990.0,2783.1,33.77,42.24,1.213,51.11,1998.93,19.0,3.14,51.76,61.6,0.48,0.3,25.45
Guinea-Bissau,Africa,2024-08-04,2105580.0,9614.0,177.0,142948.0,920752.0,547637.0,4565.96,84.06,26.01,1.841,67.89,1548.68,19.4,3.0,66.19,58.32,0.48,1.6,0.0
Guyana,South America,2024-08-04,808727.0,74443.0,1302.0,442695.0,960133.0,381984.0,92049.6,1609.94,47.23,1.749,547.4,7435.05,26.3,5.3,3.95,69.91,0.68,1.6,18.52
Haiti,North America,2024-08-04,11585003.0,34456.0,860.0,206594.0,680104.0,366339.0,2974.19,74.23,3.16,2.496,17.83,1653.17,24.3,4.8,398.45,64.0,0.51,0.7,31.48
Honduras,North America,2024-08-04,10432858.0,472896.0,11114.0,0.0,17074861.0,5853689.0,45327.56,1065.29,56.11,2.35,0.0,4541.8,24.9,4.65,82.8,75.27,0.63,0.7,23.15
Hong Kong,Asia,2024-08-10,7488863.0,0.0,0.0,49426686.0,21014839.0,6803327.0,0.0,0.0,90.85,,6600.03,56054.92,44.8,16.3,7039.71,84.86,0.95,7.02,11.11
Hungary,Europe,2024-08-04,9967304.0,2230800.0,49053.0,10943720.0,16701238.0,6207249.0,223811.77,4921.39,62.28,2.199,1097.96,26777.56,43.4,18.58,108.04,76.88,0.85,7.02,11.11
Iceland,Europe,2024-08-04,372903.0,210374.0,186.0,1373785.0,805469.0,290193.0,564152.07,498.79,77.82,0.088,3684.03,46482.96,37.3,14.43,3.4,82.99,0.95,2.91,5.56
India,Asia,2024-08-12,1417173120.0,45041748.0,533623.0,858526354.0,2206868000.0,951990552.0,31782.81,376.54,67.18,1.185,605.8,6426.67,28.2,5.99,450.42,69.66,0.64,0.53,28.7
Indonesia,Asia,2024-08-04,275501344.0,6829399.0,162059.0,59503735.0,448199860.0,174965137.0,24788.99,588.23,63.51,2.373,215.98,11188.74,29.3,5.32,145.72,71.72,0.72,1.04,14.93
Iran,Asia,2024-08-04,88550568.0,7627863.0,146837.0,52269202.0,155461757.0,58585264.0,86141.32,1658.23,66.16,1.925,590.28,19082.62,32.4,5.44,49.83,76.68,0.78,1.5,53.94
Iraq,Asia,2024-08-04,44496124.0,2465545.0,25375.0,19002710.0,19557364.0,7944775.0,55410.33,570.27,17.85,1.029,427.06,15663.99,20.0,3.19,88.12,70.6,0.67,1.4,16.67
Ireland,Europe,2024-08-04,5023108.0,1745088.0,9744.0,12347313.0,11148281.0,4065584.0,347412.0,1939.83,80.94,0.558,2458.1,67335.29,38.7,13.93,69.87,82.3,0.96,2.96,5.56
Isle of Man,Europe,2024-08-04,84534.0,38008.0,116.0,0.0,189994.0,67106.0,449617.91,1372.23,79.38,0.305,0.0,33132.32,30.6,11.73,147.87,81.4,0.92,2.99,0.0
Israel,Asia,2024-08-04,9449000.0,4841558.0,12707.0,51780014.0,18649248.0,6159825.0,512388.4,1344.8,65.19,0.262,5479.95,33132.32,30.6,11.73,402.61,82.97,0.92,2.99,14.81
Italy,Europe,2024-08-07,59037472.0,26781078.0,197307.0,224876148.0,144608839.0,47947097.0,453628.47,3342.06,81.21,0.737,3809.04,35220.08,47.9,23.02,205.86,83.51,0.89,3.18,21.99
Jamaica,North America,2024-08-04,2827382.0,157181.0,3611.0,1124299.0,1528445.0,760132.0,55592.42,1277.15,26.88,2.297,397.65,8193.57,31.4,9.68,266.88,74.47,0.73,1.7,11.11
Japan,Asia,2024-08-04,123951696.0,33803572.0,74694.0,53504941.0,383747738.0,103380343.0,272715.69,602.61,83.4,0.221,431.66,39002.22,48.2,27.05,347.78,84.63,0.92,13.05,33.33
Jersey,Europe,2024-08-04,110796.0,66391.0,161.0,0.0,266953.0,81882.0,599218.38,1453.12,73.9,0.243,0.0,8337.49,23.2,3.81,109.28,74.53,0.73,1.4,0.0
Jordan,Asia,2024-08-04,11285875.0,1746997.0,14122.0,16803235.0,10057975.0,4558313.0,154795.0,1251.3,40.39,0.808,1488.87,8337.49,23.2,3.81,109.28,74.53,0.73,1.4,0.0
Kazakhstan,Asia,2024-08-04,19397998.0,1504370.0,19072.0,11965068.0,38355605.0,10629063.0,77552.85,983.19,54.79,1.268,616.82,24055.59,30.6,6.99,6.68,73.6,0.82,6.7,5.56
Kenya,Africa,2024-08-04,54027484.0,344106.0,5689.0,3728165.0,23750431.0,11090440.0,6369.09,105.3,20.53,1.653,69.0,2993.03,20.0,2.69,87.32,66.7,0.6,1.4,22.77
Kiribati,Oceania,2024-08-04,131237.0,5085.0,24.0,0.0,219980.0,81474.0,38746.69,182.88,62.08,0.472,0.0,1981.13,23.2,3.9,143.7,68.37,0.63,1.9,0.0
Kuwait,Asia,2024-08-04,4268886.0,667290.0,2570.0,8208880.0,8261221.0,3346176.0,156314.79,602.03,78.39,0.385,1922.96,65530.54,33.7,2.35,232.13,75.49,0.81,2.0,5.56
Kyrgyzstan,Asia,2024-08-04,6630621.0,88953.0,1024.0,0.0,3661335.0,1406016.0,13415.49,154.44,21.2,1.151,0.0,3393.47,26.3,4.49,32.33,71.45,0.7,4.5,11.11
Laos,Asia,2024-08-04,7529477.0,219060.0,671.0,1030237.0,11111066.0,5222417.0,29093.65,89.12,69.36,0.306,136.83,6397.36,24.4,4.03,29.72,67.92,0.61,1.5,28.61
Latvia,Europe,2024-08-04,1850654.0,977765.0,7475.0,7263566.0,2895716.0,1305976.0,528334.85,4039.11,70.57,0.764,3924.86,25063.85,43.9,19.75,31.21,75.29,0.87,5.57,0.0
Lebanon,Asia,2024-08-04,5489744.0,1239904.0,10947.0,4731376.0,5814699.0,2414223.0,225858.25,1994.08,43.98,0.883,861.86,13367.56,31.1,8.51,594.56,78.93,0.74,2.9,16.67
Lesotho,Africa,2024-08-04,2305826.0,36138.0,709.0,459732.0,1339097.0,938088.0,15672.47,307.48,40.68,1.962,199.38,2851.15,22.2,4.51,73.56,54.33,0.53,0.8,11.11
Liberia,Africa,2024-08-04,5302690.0,8090.0,294.0,139824.0,4460668.0,3730967.0,1525.64,55.44,70.36,3.634,26.37,752.79,19.2,3.06,49.13,64.1,0.48,0.8,33.16
Libya,Africa,2024-08-04,6812344.0,507269.0,6437.0,0.0,3739158.0,1236102.0,74463.21,944.9,18.15,1.269,0.0,17881.51,29.0,4.42,3.62,72.91,0.72,3.7,13.89
Liechtenstein,Europe,2024-08-04,39355.0,21588.0,89.0,90632.0,74337.0,0.0,548545.29,2261.47,0.0,0.412,2302.93,29524.26,43.5,19.0,237.01,82.49,0.92,2.4,11.11
Lithuania,Europe,2024-08-14,2750058.0,1369355.0,9810.0,8718186.0,4604865.0,1881106.0,497936.77,3567.2,68.4,0.716,3170.18,29524.26,43.5,19.0,45.14,75.93,0.88,6.56,11.11
Luxembourg,Europe,2024-08-04,647601.0,393542.0,1000.0,4299901.0,1374547.0,462702.0,607692.08,1544.16,71.45,0.254,6639.74,94277.96,39.7,14.31,231.45,82.25,0.92,4.51,11.11
Macao,Asia,2023-04-13,695180.0,0.0,0.0,0.0,1802985.0,642266.0,0.0,0.0,92.39,,0.0,104861.85,39.2,9.8,20546.77,84.24,0.53,0.2,36.11
Madagascar,Africa,2024-08-04,29611718.0,68567.0,1428.0,451753.0,3092063.0,2628849.0,2315.54,48.22,8.88,2.083,15.26,1416.44,19.6,2.93,43.95,67.04,0.53,0.2,0.0
Malawi,Africa,2024-08-04,20405318.0,89168.0,2686.0,589303.0,8503954.0,4288014.0,4369.84,131.63,21.01,3.012,28.88,1095.04,18.1,2.98,197.52,64.26,0.48,1.3,17.59
Malaysia,Asia,2024-08-14,33938216.0,5309410.0,37351.0,60647556.0,72657288.0,27551144.0,156443.4,1100.56,81.18,0.703,1787.0,26808.16,29.9,6.29,96.25,76.16,0.81,1.9,13.89
Maldives,Asia,2024-08-04,523798.0,186694.0,316.0,2211113.0,951764.0,385167.0,356423.66,603.29,73.53,0.169,4221.31,15183.62,30.6,4.12,1454.43,78.92,0.74,0.1,0.0
Mali,Africa,2024-08-04,22593598.0,33166.0,743.0,708110.0,5922585.0,3633589.0,1467.94,32.89,16.08,2.24,31.34,2014.31,16.4,2.52,15.2,59.31,0.43,0.1,23.69
Malta,Europe,2024-08-04,533293.0,122796.0,922.0,1950858.0,1408793.0,471565.0,230259.91,1728.88,88.43,0.751,3658.14,36513.32,42.4,19.43,1454.04,82.53,0.9,4.49,11.11
Marshall Islands,Oceania,2024-08-04,41593.0,16297.0,17.0,3184.0,0.0,0.0,391820.74,408.72,0.0,0.104,76.55,3819.2,45.7,3.14,295.15,73.7,0.7,2.7,0.0
Martinique,North America,2024-08-04,367512.0,230354.0,1104.0,0.0,0.0,0.0,626793.14,3003.98,0.0,0.479,0.0,3597.63,45.7,3.14,4.29,82.54,0.55,3.4,0.0
Mauritania,Africa,2024-08-04,4736146.0,63872.0,997.0,998154.0,4075874.0,1540597.0,13486.07,210.51,32.53,1.561,210.75,3597.63,20.3,3.14,4.29,64.92,0.55,3.4,8.33
Mauritius,Africa,2024-08-04,1299478.0,328167.0,1073.0,1282782.0,2616012.0,1088142.0,252537.56,825.72,83.74,0.327,987.15,20292.74,37.4,10.94,622.96,74.99,0.8,3.4,5.56
Mayotte,Africa,2024-08-04,326113.0,42027.0,187.0,0.0,0.0,0.0,128872.51,573.42,0.0,0.445,0.0,17336.47,20.1,6.86,66.44,79.46,0.78,1.38,0.0
Mexico,North America,2024-08-04,127504120.0,7619458.0,334551.0,15569464.0,223158993.0,81849962.0,59758.52,2623.84,64.19,4.391,122.11,17336.47,29.3,6.86,66.44,75.05,0.78,1.38,13.89
Micronesia (country),Oceania,2024-08-04,114178.0,31765.0,65.0,0.0,0.0,0.0,278205.96,569.29,0.0,0.205,0.0,3299.46,23.0,4.81,150.78,67.88,0.62,5.8,0.0
Moldova,Europe,2024-08-04,3272993.0,637520.0,12245.0,0.0,2293086.0,1078961.0,194781.96,3741.22,32.97,1.921,0.0,5189.97,37.6,10.86,123.66,71.9,0.75,5.8,5.56
Monaco,Europe,2024-08-04,36491.0,17181.0,67.0,0.0,65140.0,25667.0,470828.42,1836.07,70.34,0.39,0.0,11840.85,28.6,4.03,19347.5,86.75,0.74,13.8,13.31
Mongolia,Asia,2024-08-04,3398373.0,1011489.0,2136.0,7408778.0,5492919.0,2175617.0,297639.19,628.54,64.02,0.211,2180.1,11840.85,28.6,4.03,1.98,69.87,0.74,7.0,11.11
Montenegro,Europe,2024-08-04,627082.0,251280.0,2654.0,0.0,679171.0,284869.0,400713.14,4232.3,45.43,1.056,0.0,16409.29,39.1,14.76,46.28,76.88,0.83,3.86,0.0
Montserrat,North America,2024-08-04,4413.0,1403.0,8.0,0.0,4619.0,1952.0,317924.31,1812.83,44.23,0.57,0.0,7485.01,29.6,6.77,80.08,74.16,0.69,1.1,0.0
Morocco,Africa,2024-08-04,37457976.0,1279115.0,16305.0,11738659.0,55389602.0,23521989.0,34148.0,435.29,62.8,1.275,313.38,7485.01,29.6,6.77,80.08,76.68,0.69,1.1,24.46
Mozambique,Africa,2024-08-04,32969520.0,233843.0,2252.0,1341769.0,34950858.0,21329745.0,7092.7,68.31,64.7,0.963,40.7,1136.1,17.7,3.16,37.73,60.85,0.46,0.7,12.04
Myanmar,Asia,2024-08-04,54179312.0,642885.0,19494.0,8332037.0,93477104.0,35937796.0,11865.88,359.81,66.33,3.032,153.79,5591.6,29.1,5.73,81.72,67.13,0.58,0.9,37.04
Namibia,Africa,2024-08-04,2567024.0,172533.0,4108.0,1056045.0,1005937.0,550978.0,67211.29,1600.3,21.46,2.381,411.39,9541.81,22.0,3.55,3.08,63.71,0.65,5.0,5.56
Nauru,Oceania,2024-08-04,12691.0,5393.0,1.0,0.0,32157.0,11346.0,424946.81,78.8,89.4,0.019,0.0,12895.64,25.0,5.81,682.45,59.96,0.6,5.0,0.0
Nepal,Asia,2024-08-04,30547586.0,1003450.0,12031.0,6969050.0,62627629.0,24471043.0,32848.75,393.84,80.11,1.199,228.14,2442.8,25.0,5.81,204.43,70.78,0.6,0.3,32.44
Netherlands,Europe,2024-08-04,17564020.0,8640008.0,22986.0,30687346.0,39764182.0,11768644.0,491915.18,1308.7,67.0,0.266,1747.17,48472.54,43.2,18.78,508.54,82.28,0.94,3.32,11.11
New Caledonia,Oceania,2024-08-04,289959.0,80163.0,314.0,0.0,480702.0,184816.0,276463.22,1082.91,63.74,0.392,0.0,36085.84,33.4,9.95,15.34,77.55,0.93,2.61,0.0
New Zealand,Oceania,2024-08-11,5185289.0,2639048.0,4284.0,7264156.0,13398398.0,4291717.0,508949.07,826.18,82.77,0.162,1400.92,36085.84,37.9,15.32,18.21,82.29,0.93,2.61,11.11
Nicaragua,North America,2024-08-04,6948395.0,16185.0,245.0,196380.0,15507763.0,6126708.0,2329.31,35.26,88.17,1.514,28.26,5321.44,27.3,5.44,51.67,74.48,0.66,0.9,13.89
Niger,Africa,2024-08-04,26207982.0,9518.0,315.0,254538.0,7372208.0,5483001.0,363.17,12.02,20.92,3.31,9.71,926.0,15.1,2.55,16.95,62.42,0.39,0.3,10.55
Nigeria,Africa,2024-08-04,218541216.0,267188.0,3155.0,5279608.0,133048021.0,81297808.0,1222.6,14.44,37.2,1.181,24.16,5338.45,18.1,2.75,209.59,54.69,0.54,13.2,11.11
Niue,Oceania,2024-08-04,1952.0,1074.0,0.0,0.0,4923.0,1635.0,550204.92,0.0,83.76,0.0,0.0,13111.21,35.3,9.49,211.7,73.71,0.77,13.2,0.0
North Korea,Asia,2024-08-04,26069416.0,0.0,0.0,182968.0,0.0,0.0,0.0,0.0,0.0,,7.02,13111.21,35.3,9.49,211.7,72.27,0.77,13.2,0.0
North Macedonia,Europe,2024-08-04,2093606.0,350924.0,9978.0,2074132.0,1862987.0,838181.0,167617.02,4765.94,40.04,2.843,990.7,13111.21,39.1,13.26,82.6,75.8,0.77,4.28,0.0
Northern Mariana Islands,Oceania,2024-08-04,49574.0,14912.0,41.0,59110.0,0.0,0.0,300802.84,827.05,0.0,0.275,1192.36,64800.06,39.7,16.82,119.88,76.74,0.96,3.6,0.0
Norway,Europe,2024-08-04,5434324.0,1512647.0,5732.0,11154564.0,12145560.0,4054726.0,278350.54,1054.78,74.61,0.379,2052.61,64800.06,39.7,16.82,14.46,82.4,0.96,3.6,11.11
Oman,Asia,2024-08-04,4576300.0,399449.0,4628.0,2031675.0,7108547.0,3048826.0,87286.45,1011.3,66.62,1.159,443.96,37960.71,30.7,2.36,14.98,77.86,0.81,1.6,11.11
Pakistan,Asia,2024-08-04,235824864.0,1580631.0,30656.0,28889568.0,340974144.0,140475871.0,6702.56,129.99,59.57,1.939,122.5,5034.71,23.5,4.5,255.57,67.27,0.56,0.6,40.54
Palau,Oceania,2024-08-04,18084.0,6372.0,10.0,59627.0,0.0,0.0,352355.67,552.98,0.0,0.157,3297.22,13240.4,20.4,3.04,47.24,73.7,0.83,4.8,0.0
Palestine,Asia,2024-08-04,5250076.0,703228.0,5708.0,0.0,3748571.0,1776973.0,133946.25,1087.22,33.85,0.812,0.0,4449.9,20.4,3.04,778.2,74.05,0.71,2.3,5.56
Panama,North America,2024-08-04,4408582.0,1044821.0,8748.0,6499239.0,8893001.0,3174155.0,236997.07,1984.31,72.0,0.837,1474.22,22267.04,29.7,7.92,55.13,78.51,0.82,2.3,20.37
Papua New Guinea,Oceania,2024-08-04,10142625.0,46864.0,670.0,249149.0,737695.0,321192.0,4620.5,66.06,3.17,1.43,24.56,3823.19,22.6,3.81,18.22,64.5,0.56,1.3,5.56
Paraguay,South America,2024-08-04,6780745.0,735759.0,19880.0,2609819.0,9745545.0,3546685.0,108507.1,2931.83,52.31,2.702,384.89,8827.01,26.5,6.38,17.14,74.25,0.73,1.3,11.11
Peru,South America,2024-08-04,34049588.0,4526977.0,220975.0,28971116.0,91412580.0,28709644.0,132952.48,6489.8,84.32,4.881,850.85,12236.71,29.1,7.15,25.13,76.74,0.78,1.6,11.11
Philippines,Asia,2024-08-04,115559008.0,4173631.0,66864.0,28472887.0,189317158.0,78443972.0,36116.88,578.61,67.88,1.602,246.39,7599.19,25.2,4.8,351.87,71.23,0.72,1.0,25.41
Pitcairn,Oceania,2024-08-04,47.0,4.0,0.0,0.0,117.0,47.0,85106.38,0.0,100.0,0.0,0.0,27216.44,41.8,16.76,124.03,78.73,0.88,6.62,0.0
Poland,Europe,2024-08-04,39857144.0,6670799.0,120726.0,36962382.0,58032403.0,22649355.0,167367.71,3028.97,56.83,1.81,927.37,27216.44,41.8,16.76,124.03,78.73,0.88,6.62,9.26
Portugal,Europe,2024-08-04,10270857.0,5664109.0,28809.0,42825431.0,28314797.0,8909769.0,551473.84,2804.93,86.75,0.509,4169.61,27936.9,46.2,21.5,112.37,82.05,0.86,3.39,11.11
Puerto Rico,North America,2024-08-04,3252412.0,1252713.0,5938.0,3019115.0,0.0,0.0,385164.3,1825.72,0.0,0.474,928.27,35044.67,38.2,15.17,376.23,80.1,0.85,1.2,0.0
Qatar,Asia,2024-08-04,2695131.0,514524.0,690.0,7574423.0,7609178.0,2852178.0,190908.72,256.02,100.0,0.134,2810.41,116935.6,31.9,1.31,227.32,80.23,0.85,1.2,11.11
Reunion,Africa,2024-08-04,974062.0,494595.0,921.0,0.0,0.0,0.0,507765.42,945.53,0.0,0.186,0.0,23313.2,36.0,17.85,85.13,80.48,0.83,6.89,0.0
Romania,Europe,2024-08-04,19659270.0,3541619.0,68825.0,21260367.0,16827486.0,8114769.0,180150.08,3500.89,41.28,1.943,1081.44,23313.2,43.0,17.85,85.13,76.05,0.83,6.89,11.11
Russia,Europe,2024-08-04,144713312.0,24268728.0,403188.0,295244836.0,187374508.0,79702396.0,167702.11,2786.12,55.08,1.661,2040.21,24765.95,39.6,14.18,8.82,72.58,0.82,8.05,11.11
Rwanda,Africa,2024-08-04,13776702.0,133264.0,1468.0,5534918.0,27322059.0,10399665.0,9673.14,106.56,75.49,1.102,401.76,1854.21,20.3,2.97,494.87,69.02,0.54,2.3,25.64
Saint Barthelemy,North America,2024-08-04,10994.0,5507.0,5.0,0.0,0.0,0.0,500909.59,454.79,0.0,0.091,0.0,24654.38,34.9,9.72,212.86,80.56,0.78,2.3,0.0
Saint Helena,Africa,2024-08-04,5401.0,2166.0,0.0,0.0,7892.0,3531.0,401036.85,0.0,65.38,0.0,0.0,24654.38,34.9,9.72,212.86,80.56,0.78,2.3,0.0
Saint Kitts and Nevis,North America,2024-08-04,47681.0,6607.0,46.0,94440.0,64297.0,27000.0,138566.72,964.74,56.63,0.696,1980.66,24654.38,34.9,9.72,212.86,76.23,0.78,2.3,0.0
Saint Lucia,North America,2024-08-04,179872.0,30282.0,410.0,208560.0,122977.0,54971.0,168353.05,2279.4,30.56,1.354,1159.49,12951.84,34.9,9.72,293.19,76.2,0.76,1.3,0.0
Saint Martin (French part),North America,2024-08-04,31816.0,12324.0,46.0,0.0,0.0,0.0,387352.28,1445.81,0.0,0.373,0.0,10727.15,31.8,7.72,590.53,82.08,0.74,2.6,0.0
Saint Pierre and Miquelon,North America,2024-08-04,5885.0,3426.0,2.0,0.0,0.0,0.0,582158.03,339.85,0.0,0.058,0.0,10727.15,31.8,7.72,281.79,81.07,0.74,2.6,0.0
Saint Vincent and the Grenadines,North America,2024-08-04,103959.0,9674.0,124.0,108388.0,73443.0,31632.0,93055.92,1192.78,30.43,1.282,1042.6,10727.15,31.8,7.72,281.79,72.53,0.74,2.6,0.0
Samoa,Oceania,2024-08-04,222390.0,17057.0,31.0,0.0,453083.0,177954.0,76698.59,139.39,80.02,0.182,0.0,6021.56,22.0,5.61,69.41,73.32,0.72,3.8,0.0
San Marino,Europe,2024-08-04,33690.0,25292.0,126.0,0.0,69338.0,23633.0,750727.22,3739.98,70.15,0.498,0.0,56861.47,18.7,2.89,556.67,84.97,0.62,3.8,5.56
Sao Tome and Principe,Africa,2024-08-04,227393.0,6771.0,80.0,4694.0,263863.0,111986.0,29776.64,351.81,49.25,1.182,20.64,3052.71,18.7,2.89,212.84,70.39,0.62,2.9,0.0
Saudi Arabia,Asia,2024-08-04,36408824.0,841469.0,9646.0,43251385.0,68534631.0,25433941.0,23111.68,264.94,69.86,1.146,1187.94,49045.41,31.9,3.3,15.32,75.13,0.85,2.7,11.11
Senegal,Africa,2024-08-04,17316452.0,89485.0,1971.0,1102099.0,3179647.0,1546628.0,5167.63,113.82,8.93,2.203,63.64,2470.58,18.7,3.01,82.33,67.94,0.51,5.61,13.89
Serbia,Europe,2024-08-04,6871547.0,2583470.0,18057.0,9852899.0,8534688.0,3278198.0,375966.29,2627.79,47.71,0.699,1433.87,14048.88,41.2,17.37,80.29,76.0,0.81,5.61,5.56
Seychelles,Africa,2024-08-04,107135.0,51886.0,172.0,0.0,224558.0,83565.0,484304.85,1605.45,78.0,0.331,0.0,26382.29,36.2,8.61,208.35,73.4,0.8,3.6,13.89
Sierra Leone,Africa,2024-08-04,8605723.0,7979.0,126.0,428517.0,9155936.0,4961886.0,927.17,14.64,57.66,1.579,49.79,1390.3,19.1,2.54,104.7,54.7,0.45,2.4,37.96
Singapore,Asia,2024-08-04,5637022.0,3006155.0,2024.0,0.0,14727569.0,5120969.0,533287.79,359.05,90.85,0.067,0.0,85535.38,42.4,12.92,7915.73,83.62,0.94,2.4,17.59
Sint Maarten (Dutch part),North America,2024-08-04,44192.0,11051.0,92.0,0.0,66829.0,26773.0,250067.89,2081.82,60.58,0.833,0.0,36327.23,41.2,15.07,1209.09,78.95,0.86,5.82,0.0
Slovakia,Europe,2024-08-04,5643455.0,1878002.0,21227.0,51238482.0,5754313.0,2577827.0,332775.22,3761.35,45.68,1.13,9079.28,30155.15,41.2,15.07,113.13,77.54,0.86,5.82,11.11
Slovenia,Europe,2024-08-04,2119843.0,1356582.0,10083.0,5336373.0,2996643.0,1222225.0,639944.56,4756.48,57.66,0.743,2517.34,31400.84,44.5,19.06,102.62,81.32,0.92,4.5,11.11
Solomon Islands,Oceania,2024-08-04,724272.0,25954.0,199.0,0.0,625956.0,254352.0,35834.6,274.76,35.12,0.767,0.0,2205.92,20.8,3.51,21.84,73.0,0.57,1.4,30.46
Somalia,Africa,2024-08-04,17597508.0,27334.0,1361.0,501224.0,10555834.0,7666835.0,1553.29,77.34,43.57,4.979,28.48,12294.88,16.8,2.73,23.5,57.4,0.71,0.9,5.56
South Africa,Africa,2024-08-04,59893884.0,4072765.0,102595.0,25637671.0,41798812.0,21038797.0,67999.68,1712.95,35.13,2.519,428.05,12294.88,27.3,5.34,46.75,64.13,0.71,2.32,11.11
South Korea,Asia,2024-08-04,51815808.0,34571873.0,35934.0,100269452.0,129647782.0,44372679.0,667207.06,693.49,85.64,0.104,1935.11,35938.37,43.4,13.91,527.97,83.03,0.92,12.27,11.11
South Sudan,Africa,2024-08-04,10913172.0,18823.0,147.0,410280.0,4365547.0,4273253.0,1724.8,13.47,39.16,0.781,37.59,1569.89,19.2,3.44,93.1,57.85,0.43,2.97,10.55
Spain,Europe,2024-08-04,47558632.0,13980340.0,121852.0,93162168.0,105840320.0,40739123.0,293960.1,2562.14,85.66,0.872,1958.89,34272.36,45.5,19.44,93.1,83.56,0.9,2.97,5.56
Sri Lanka,Asia,2024-08-04,21832150.0,672798.0,16907.0,7691045.0,40116590.0,14752827.0,30816.85,774.41,67.57,2.513,352.28,11669.08,34.1,10.07,341.96,76.98,0.78,3.6,23.15
Sudan,Africa,2024-08-04,46874200.0,63993.0,5046.0,562941.0,22598737.0,13416394.0,1365.21,107.65,28.62,7.885,12.01,4466.51,19.7,3.55,23.26,65.31,0.51,0.8,5.56
Suriname,South America,2024-08-04,618046.0,82501.0,1406.0,84184.0,505699.0,237879.0,133486.83,2274.91,38.49,1.704,136.21,13767.12,29.6,6.93,3.61,71.68,0.74,3.1,21.3
Sweden,Europe,2024-08-04,10549349.0,2755181.0,27399.0,18407585.0,28312817.0,7593676.0,261170.71,2597.22,71.98,0.994,1744.9,46949.28,41.0,19.98,24.72,82.8,0.94,2.22,11.11
Switzerland,Europe,2024-08-04,8740471.0,4457868.0,14170.0,21277734.0,16940716.0,0.0,510026.06,1621.19,0.0,0.318,2434.39,57410.17,43.1,18.44,214.24,83.78,0.96,4.53,5.56
Syria,Asia,2024-08-04,22125242.0,57423.0,3163.0,175957.0,5090630.0,2358365.0,2595.36,142.96,10.66,5.508,7.95,2896.91,21.7,3.47,64.28,72.7,0.57,1.5,11.11
Taiwan,Asia,2023-09-24,23893396.0,0.0,0.0,13021521.0,68158988.0,20793089.0,0.0,0.0,87.02,,544.98,2896.91,42.2,3.47,64.28,80.46,0.67,4.8,17.59
Tajikistan,Asia,2024-08-04,9952789.0,17786.0,125.0,0.0,20568163.0,5191919.0,1787.04,12.56,52.17,0.703,0.0,2896.91,23.3,3.47,64.28,71.1,0.67,4.8,8.33
Tanzania,Africa,2024-08-04,65497752.0,43230.0,846.0,455776.0,39392419.0,32165791.0,660.02,12.92,49.11,1.957,6.96,2683.3,17.7,3.11,64.7,65.46,0.53,0.7,2.78
Thailand,Asia,2024-08-04,71697024.0,4799180.0,34715.0,24733803.0,142635014.0,53486086.0,66936.95,484.19,74.6,0.723,344.98,16277.67,40.1,11.37,135.13,77.15,0.78,2.1,5.56
Togo,Africa,2024-08-04,8848700.0,39530.0,290.0,749695.0,3423181.0,1554066.0,4467.32,32.77,17.56,0.734,84.72,1429.81,19.4,2.84,143.37,61.04,0.52,0.7,30.1
Tokelau,Oceania,2024-08-04,1893.0,80.0,0.0,0.0,5374.0,2203.0,42260.96,0.0,100.0,0.0,0.0,5425.62,22.3,5.82,150.03,81.86,0.72,2.6,0.0
Tonga,Oceania,2024-08-04,106867.0,16976.0,12.0,0.0,203208.0,77360.0,158851.66,112.29,72.39,0.071,0.0,5425.62,22.3,5.82,150.03,70.91,0.72,2.6,16.22
Trinidad and Tobago,North America,2024-08-04,1531043.0,191496.0,4390.0,768404.0,1580898.0,716898.0,125075.52,2867.33,46.82,2.292,501.88,28763.07,36.2,10.01,266.89,73.51,0.8,3.0,11.11
Tunisia,Africa,2024-08-04,12356116.0,1153361.0,29423.0,4647813.0,13253317.0,6401841.0,93343.33,2381.25,51.81,2.551,376.15,10849.3,32.7,8.0,74.23,76.7,0.74,2.3,31.36
Turkey,Asia,2024-08-04,85341248.0,17004718.0,101419.0,163164533.0,152543341.0,53176961.0,199255.56,1188.39,62.31,0.596,1911.91,25129.34,31.6,8.15,104.91,77.69,0.82,2.81,11.11
Turkmenistan,Asia,2024-08-04,6430777.0,0.0,0.0,0.0,16775970.0,4568901.0,0.0,0.0,71.05,,0.0,16389.02,26.9,4.28,12.25,68.19,0.72,7.4,22.22
Turks and Caicos Islands,North America,2024-08-04,45726.0,6805.0,40.0,0.0,73907.0,30710.0,148821.24,874.78,67.16,0.588,0.0,3575.1,16.4,2.17,37.31,80.22,0.54,0.5,0.0
Tuvalu,Oceania,2024-08-04,11335.0,2943.0,1.0,0.0,26783.0,9505.0,259638.29,88.22,83.86,0.034,0.0,3575.1,16.4,2.17,373.07,67.57,0.54,0.5,0.0
Uganda,Africa,2024-08-04,47249588.0,172154.0,3632.0,2749166.0,26406936.0,13061126.0,3643.5,76.87,27.64,2.11,58.18,1697.71,16.4,2.17,213.76,63.37,0.54,0.5,38.44
Ukraine,Europe,2024-08-04,39701744.0,5532777.0,109920.0,19288823.0,35735488.0,15741036.0,139358.54,2768.64,39.65,1.987,485.84,7894.39,41.4,16.46,77.39,72.06,0.78,8.8,8.33
United Arab Emirates,Asia,2024-08-04,9441138.0,1067030.0,2349.0,168522672.0,24922054.0,9792266.0,113019.21,248.8,100.0,0.22,17849.83,67293.48,34.0,1.14,112.44,77.97,0.89,1.2,13.89
United Kingdom,Europe,2024-08-04,67508936.0,24974629.0,232112.0,503270347.0,151248820.0,50762968.0,369945.53,3438.24,75.19,0.929,7454.87,39753.24,40.8,18.52,272.9,81.32,0.93,2.54,5.56
United States,North America,2024-08-04,338289856.0,103436829.0,1193165.0,912769124.0,676728782.0,230637348.0,305763.91,3527.05,68.18,1.154,2698.19,54225.45,38.3,15.41,35.61,78.86,0.93,2.77,28.71
United States Virgin Islands,North America,2024-08-04,99479.0,25389.0,132.0,115079.0,0.0,0.0,255219.69,1326.91,0.0,0.52,1156.82,20551.41,42.2,18.6,306.48,80.58,0.82,2.8,0.0
Uruguay,South America,2024-08-04,3422796.0,1041346.0,7682.0,6086835.0,9036273.0,2903089.0,304238.41,2244.36,84.82,0.738,1778.32,20551.41,35.6,14.66,19.75,77.91,0.82,2.8,13.89
Uzbekistan,Asia,2024-08-04,34627648.0,175081.0,1016.0,0.0,83937954.0,18451781.0,5056.1,29.34,53.29,0.58,0.0,6253.1,28.2,4.47,76.13,71.72,0.72,4.0,5.56
Vanuatu,Oceania,2024-08-04,326744.0,12019.0,14.0,11989.0,366638.0,162250.0,36784.15,42.85,49.66,0.116,36.69,2921.91,23.1,4.39,22.66,70.47,0.61,0.8,11.11
Vatican,Europe,2024-08-04,808.0,26.0,0.0,0.0,0.0,0.0,32178.22,0.0,0.0,0.0,0.0,16745.02,29.0,6.61,36.25,75.12,0.71,0.8,0.0
Venezuela,South America,2024-08-04,28301700.0,552695.0,5856.0,0.0,37860994.0,14966671.0,19528.69,206.91,52.88,1.06,0.0,16745.02,29.0,6.61,36.25,72.06,0.71,0.8,13.89
Vietnam,Asia,2024-08-04,98186856.0,11624000.0,43206.0,85824349.0,266492149.0,85961564.0,118386.52,440.04,87.55,0.372,874.09,6171.88,32.6,7.15,308.13,75.4,0.7,2.6,23.15
Wallis and Futuna,Oceania,2024-08-04,11596.0,3760.0,9.0,0.0,18058.0,6803.0,324249.74,776.13,58.67,0.239,0.0,1479.15,28.4,2.92,53.51,79.94,0.47,0.7,0.0
Western Sahara,Africa,2022-04-20,576005.0,0.0,0.0,3943.0,0.0,0.0,0.0,0.0,0.0,,6.85,1479.15,28.4,2.92,53.51,70.26,0.47,0.7,0.0
Yemen,Asia,2024-08-04,33696612.0,11945.0,2159.0,336937.0,1298654.0,807057.0,354.49,64.07,2.4,18.075,10.0,1479.15,20.3,2.92,53.51,66.12,0.47,0.7,5.56
Zambia,Africa,2024-08-04,20017670.0,349842.0,4077.0,3514038.0,13454213.0,9213802.0,17476.66,203.67,46.03,1.165,175.55,3689.25,17.7,2.48,23.0,63.89,0.58,2.0,13.89
Zimbabwe,Africa,2024-08-04,16320539.0,266386.0,5740.0,2379907.0,12222754.0,4751270.0,16322.13,351.7,29.11,2.155,145.82,1899.78,19.6,2.82,42.73,61.49,0.57,1.7,53.7
